Name,SMILES,Stereo_tag,Metal_Name,Metal_SMILES,Ligand_Name,Ligand_SMILES,Diazo_Name,Diazo_SMILES
M4_L1_D1,[Cu+].CC(C)[C@H]1COC(C(C)(C)C2=N[C@@H](C(C)C)CO2)=N1.COC(=O)C(=[N+]=[N-])c1ccccc1,0,M4,[Cu+],L1,CC(C)[C@H]1COC(C(C)(C)C2=N[C@@H](C(C)C)CO2)=N1,D1,COC(=O)C(=[N+]=[N-])c1ccccc1
M4_L2_D1,[Cu+].CC(C)(C1=N[C@@H](c2ccccc2)CO1)C1=N[C@@H](c2ccccc2)CO1.COC(=O)C(=[N+]=[N-])c1ccccc1,0,M4,[Cu+],L2,CC(C)(C1=N[C@@H](c2ccccc2)CO1)C1=N[C@@H](c2ccccc2)CO1,D1,COC(=O)C(=[N+]=[N-])c1ccccc1
M4_L3_D1,[Cu+].CC(C)C[C@H]1COC(C(C#N)C2=N[C@@H](CC(C)C)CO2)=N1.COC(=O)C(=[N+]=[N-])c1ccccc1,0,M4,[Cu+],L3,CC(C)C[C@H]1COC(C(C#N)C2=N[C@@H](CC(C)C)CO2)=N1,D1,COC(=O)C(=[N+]=[N-])c1ccccc1
M4_L4_D1,[Cu+].CC(C)[C@@H]1COC(c2cccc(C3=N[C@H](C(C)C)CO3)n2)=N1.COC(=O)C(=[N+]=[N-])c1ccccc1,0,M4,[Cu+],L4,CC(C)[C@@H]1COC(c2cccc(C3=N[C@H](C(C)C)CO3)n2)=N1,D1,COC(=O)C(=[N+]=[N-])c1ccccc1
M4_L5_D1,[Cu+].CC[C@@H]1CC[C@@H](CC)P1c1ccccc1P1[C@H](CC)CC[C@H]1CC.COC(=O)C(=[N+]=[N-])c1ccccc1,0,M4,[Cu+],L5,CC[C@@H]1CC[C@@H](CC)P1c1ccccc1P1[C@H](CC)CC[C@H]1CC,D1,COC(=O)C(=[N+]=[N-])c1ccccc1
M4_L6_D1,[Cu+].c1ccc(P(c2ccccc2)c2ccc3ccccc3c2-c2c(P(c3ccccc3)c3ccccc3)ccc3ccccc23)cc1.COC(=O)C(=[N+]=[N-])c1ccccc1,-1,M4,[Cu+],L6,c1ccc(P(c2ccccc2)c2ccc3ccccc3c2-c2c(P(c3ccccc3)c3ccccc3)ccc3ccccc23)cc1,D1,COC(=O)C(=[N+]=[N-])c1ccccc1
M4_L7_D1,[Cu+].CC(C)[C@H]1COC(c2cccc(C3=N[C@@H](C(C)C)CO3)n2)=N1.COC(=O)C(=[N+]=[N-])c1ccccc1,0,M4,[Cu+],L7,CC(C)[C@H]1COC(c2cccc(C3=N[C@@H](C(C)C)CO3)n2)=N1,D1,COC(=O)C(=[N+]=[N-])c1ccccc1
M4_L8_D1,[Cu+].c1ccc([C@H]2COC(c3ccc4ccccc4c3-c3c(C4=N[C@@H](c5ccccc5)CO4)ccc4ccccc34)=N2)cc1.COC(=O)C(=[N+]=[N-])c1ccccc1,1,M4,[Cu+],L8,c1ccc([C@H]2COC(c3ccc4ccccc4c3-c3c(C4=N[C@@H](c5ccccc5)CO4)ccc4ccccc34)=N2)cc1,D1,COC(=O)C(=[N+]=[N-])c1ccccc1
M4_L9_D1,[Cu+].c1ccc([C@H]2COC(c3ccc4ccccc4c3-c3c(C4=N[C@@H](c5ccccc5)CO4)ccc4ccccc34)=N2)cc1.COC(=O)C(=[N+]=[N-])c1ccccc1,-1,M4,[Cu+],L9,c1ccc([C@H]2COC(c3ccc4ccccc4c3-c3c(C4=N[C@@H](c5ccccc5)CO4)ccc4ccccc34)=N2)cc1,D1,COC(=O)C(=[N+]=[N-])c1ccccc1
M4_L10_D1,[Cu+].c1ccc([C@H]2COC(c3cccc4c3C3(CC4)CCc4cccc(C5=N[C@@H](c6ccccc6)CO5)c43)=N2)cc1.COC(=O)C(=[N+]=[N-])c1ccccc1,-1,M4,[Cu+],L10,c1ccc([C@H]2COC(c3cccc4c3C3(CC4)CCc4cccc(C5=N[C@@H](c6ccccc6)CO5)c43)=N2)cc1,D1,COC(=O)C(=[N+]=[N-])c1ccccc1
M4_L11_D1,[Cu+].c1ccc(C[C@H]2COC(c3cccc4c3C3(CC4)CCc4cccc(C5=N[C@@H](Cc6ccccc6)CO5)c43)=N2)cc1.COC(=O)C(=[N+]=[N-])c1ccccc1,-1,M4,[Cu+],L11,c1ccc(C[C@H]2COC(c3cccc4c3C3(CC4)CCc4cccc(C5=N[C@@H](Cc6ccccc6)CO5)c43)=N2)cc1,D1,COC(=O)C(=[N+]=[N-])c1ccccc1
M4_L12_D1,[Cu+].CC(C)[C@H]1COC(c2cccc3c2C2(CC3)CCc3cccc(C4=N[C@@H](C(C)C)CO4)c32)=N1.COC(=O)C(=[N+]=[N-])c1ccccc1,-1,M4,[Cu+],L12,CC(C)[C@H]1COC(c2cccc3c2C2(CC3)CCc3cccc(C4=N[C@@H](C(C)C)CO4)c32)=N1,D1,COC(=O)C(=[N+]=[N-])c1ccccc1
M4_L13_D1,[Cu+].CC(C)(C)[C@H]1COC(c2cccc3c2C2(CC3)CCc3cccc(C4=N[C@@H](C(C)(C)C)CO4)c32)=N1.COC(=O)C(=[N+]=[N-])c1ccccc1,-1,M4,[Cu+],L13,CC(C)(C)[C@H]1COC(c2cccc3c2C2(CC3)CCc3cccc(C4=N[C@@H](C(C)(C)C)CO4)c32)=N1,D1,COC(=O)C(=[N+]=[N-])c1ccccc1
M4_L14_D1,[Cu+].c1ccc([C@H]2COC(c3cccc4c3C3(CC4)CCc4cccc(C5=N[C@@H](c6ccccc6)CO5)c43)=N2)cc1.COC(=O)C(=[N+]=[N-])c1ccccc1,1,M4,[Cu+],L14,c1ccc([C@H]2COC(c3cccc4c3C3(CC4)CCc4cccc(C5=N[C@@H](c6ccccc6)CO5)c43)=N2)cc1,D1,COC(=O)C(=[N+]=[N-])c1ccccc1
M4_L15_D1,[Cu+].CC(C)(C1=N[C@H](C(C)(C)C)CO1)C1=N[C@H](C(C)(C)C)CO1.COC(=O)C(=[N+]=[N-])c1ccccc1,0,M4,[Cu+],L15,CC(C)(C1=N[C@H](C(C)(C)C)CO1)C1=N[C@H](C(C)(C)C)CO1,D1,COC(=O)C(=[N+]=[N-])c1ccccc1
M4_L16_D1,[Cu+].c1cc2c(c(C3=NCCO3)c1)C1(CC2)CCc2cccc(C3=NCCO3)c21.COC(=O)C(=[N+]=[N-])c1ccccc1,-1,M4,[Cu+],L16,c1cc2c(c(C3=NCCO3)c1)C1(CC2)CCc2cccc(C3=NCCO3)c21,D1,COC(=O)C(=[N+]=[N-])c1ccccc1
M4_L17_D1,[Cu+].c1ccc([C@H]2COC(c3cccc(C4=N[C@@H](c5ccccc5)CO4)n3)=N2)cc1.COC(=O)C(=[N+]=[N-])c1ccccc1,0,M4,[Cu+],L17,c1ccc([C@H]2COC(c3cccc(C4=N[C@@H](c5ccccc5)CO4)n3)=N2)cc1,D1,COC(=O)C(=[N+]=[N-])c1ccccc1
M4_L18_D1,[Cu+].CC(C)(C1=N[C@@H](C(C)(C)C)CO1)C1=N[C@@H](C(C)(C)C)CO1.COC(=O)C(=[N+]=[N-])c1ccccc1,0,M4,[Cu+],L18,CC(C)(C1=N[C@@H](C(C)(C)C)CO1)C1=N[C@@H](C(C)(C)C)CO1,D1,COC(=O)C(=[N+]=[N-])c1ccccc1
M4_L19_D1,[Cu+].CC(C)(C)P(c1ccccc1[C@H]1N(c2ccccc2)C(=O)[C@@H]2Cc3ccccc3N21)C(C)(C)C.COC(=O)C(=[N+]=[N-])c1ccccc1,0,M4,[Cu+],L19,CC(C)(C)P(c1ccccc1[C@H]1N(c2ccccc2)C(=O)[C@@H]2Cc3ccccc3N21)C(C)(C)C,D1,COC(=O)C(=[N+]=[N-])c1ccccc1
M4_L20_D1,[Cu+].c1ccc([C@@H]2COC([C@H]3[C@H]4c5ccccc5[C@H](c5ccccc54)[C@@H]3C3=N[C@H](c4ccccc4)CO3)=N2)cc1.COC(=O)C(=[N+]=[N-])c1ccccc1,0,M4,[Cu+],L20,c1ccc([C@@H]2COC([C@H]3[C@H]4c5ccccc5[C@H](c5ccccc54)[C@@H]3C3=N[C@H](c4ccccc4)CO3)=N2)cc1,D1,COC(=O)C(=[N+]=[N-])c1ccccc1
M4_L21_D1,[Cu+].CC(C)C[C@@H]1COC([C@H]2[C@H]3c4ccccc4[C@H](c4ccccc43)[C@@H]2C2=N[C@H](CC(C)C)CO2)=N1.COC(=O)C(=[N+]=[N-])c1ccccc1,0,M4,[Cu+],L21,CC(C)C[C@@H]1COC([C@H]2[C@H]3c4ccccc4[C@H](c4ccccc43)[C@@H]2C2=N[C@H](CC(C)C)CO2)=N1,D1,COC(=O)C(=[N+]=[N-])c1ccccc1
M4_L22_D1,[Cu+].CC(C)(C)[C@H]1COC([C@@H]2[C@H]3c4ccccc4[C@H](c4ccccc43)[C@H]2C2=N[C@@H](C(C)(C)C)CO2)=N1.COC(=O)C(=[N+]=[N-])c1ccccc1,0,M4,[Cu+],L22,CC(C)(C)[C@H]1COC([C@@H]2[C@H]3c4ccccc4[C@H](c4ccccc43)[C@H]2C2=N[C@@H](C(C)(C)C)CO2)=N1,D1,COC(=O)C(=[N+]=[N-])c1ccccc1
M4_L23_D1,[Cu+].C[C@@H]1C[Si]2(C[C@@H](C)c3cccc(C4=N[C@@H](Cc5ccccc5)CO4)c32)c2c(C3=N[C@@H](Cc4ccccc4)CO3)cccc21.COC(=O)C(=[N+]=[N-])c1ccccc1,-1,M4,[Cu+],L23,C[C@@H]1C[Si]2(C[C@@H](C)c3cccc(C4=N[C@@H](Cc5ccccc5)CO4)c32)c2c(C3=N[C@@H](Cc4ccccc4)CO3)cccc21,D1,COC(=O)C(=[N+]=[N-])c1ccccc1
M4_L24_D1,[Cu+].C[C@@H]1Oc2cccnc2-c2ncccc2O[C@H]1C.COC(=O)C(=[N+]=[N-])c1ccccc1,-1,M4,[Cu+],L24,C[C@@H]1Oc2cccnc2-c2ncccc2O[C@H]1C,D1,COC(=O)C(=[N+]=[N-])c1ccccc1
M4_L25_D1,[Cu+].C[C@H]1CC[C@H](C)Oc2cccnc2-c2ncccc2O1.COC(=O)C(=[N+]=[N-])c1ccccc1,-1,M4,[Cu+],L25,C[C@H]1CC[C@H](C)Oc2cccnc2-c2ncccc2O1,D1,COC(=O)C(=[N+]=[N-])c1ccccc1
M4_L26_D1,[Cu+].C[C@H]1C[C@H](C)Oc2cccnc2-c2ncccc2O1.COC(=O)C(=[N+]=[N-])c1ccccc1,-1,M4,[Cu+],L26,C[C@H]1C[C@H](C)Oc2cccnc2-c2ncccc2O1,D1,COC(=O)C(=[N+]=[N-])c1ccccc1
M4_L27_D1,[Cu+].c1ccc2c3c(ccc2c1)Cn1c(nc2ccccc21)-c1nc2ccccc2n1Cc1ccc2ccccc2c1-3.COC(=O)C(=[N+]=[N-])c1ccccc1,1,M4,[Cu+],L27,c1ccc2c3c(ccc2c1)Cn1c(nc2ccccc21)-c1nc2ccccc2n1Cc1ccc2ccccc2c1-3,D1,COC(=O)C(=[N+]=[N-])c1ccccc1
M4_L28_D1,[Cu+].c1ccc(-c2cc3ccccc3c3c2Cn2ccnc2-c2nccn2Cc2c(-c4ccccc4)cc4ccccc4c2-3)cc1.COC(=O)C(=[N+]=[N-])c1ccccc1,1,M4,[Cu+],L28,c1ccc(-c2cc3ccccc3c3c2Cn2ccnc2-c2nccn2Cc2c(-c4ccccc4)cc4ccccc4c2-3)cc1,D1,COC(=O)C(=[N+]=[N-])c1ccccc1
M4_L29_D1,[Cu+].Fc1ccc(-c2cc3ccccc3c3c2Cn2ccnc2-c2nccn2Cc2c(-c4ccc(F)cc4)cc4ccccc4c2-3)cc1.COC(=O)C(=[N+]=[N-])c1ccccc1,1,M4,[Cu+],L29,Fc1ccc(-c2cc3ccccc3c3c2Cn2ccnc2-c2nccn2Cc2c(-c4ccc(F)cc4)cc4ccccc4c2-3)cc1,D1,COC(=O)C(=[N+]=[N-])c1ccccc1
M4_L30_D1,[Cu+].c1ccc(-c2cc(-c3ccccc3)cc(-c3cc4ccccc4c4c3Cn3ccnc3-c3nccn3Cc3c(-c5cc(-c6ccccc6)cc(-c6ccccc6)c5)cc5ccccc5c3-4)c2)cc1.COC(=O)C(=[N+]=[N-])c1ccccc1,1,M4,[Cu+],L30,c1ccc(-c2cc(-c3ccccc3)cc(-c3cc4ccccc4c4c3Cn3ccnc3-c3nccn3Cc3c(-c5cc(-c6ccccc6)cc(-c6ccccc6)c5)cc5ccccc5c3-4)c2)cc1,D1,COC(=O)C(=[N+]=[N-])c1ccccc1
M4_L31_D1,[Cu+].Fc1cc(-c2cc3ccccc3c3c2Cn2ccnc2-c2nccn2Cc2c(-c4cc(F)c(F)c(F)c4)cc4ccccc4c2-3)cc(F)c1F.COC(=O)C(=[N+]=[N-])c1ccccc1,1,M4,[Cu+],L31,Fc1cc(-c2cc3ccccc3c3c2Cn2ccnc2-c2nccn2Cc2c(-c4cc(F)c(F)c(F)c4)cc4ccccc4c2-3)cc(F)c1F,D1,COC(=O)C(=[N+]=[N-])c1ccccc1
M4_L32_D1,[Cu+].c1ccc2cc(-c3cc4ccccc4c4c3Cn3ccnc3-c3nccn3Cc3c(-c5ccc6ccccc6c5)cc5ccccc5c3-4)ccc2c1.COC(=O)C(=[N+]=[N-])c1ccccc1,1,M4,[Cu+],L32,c1ccc2cc(-c3cc4ccccc4c4c3Cn3ccnc3-c3nccn3Cc3c(-c5ccc6ccccc6c5)cc5ccccc5c3-4)ccc2c1,D1,COC(=O)C(=[N+]=[N-])c1ccccc1
M4_L33_D1,[Cu+].CC(C)[C@H]1COC(c2ccccc2P(c2ccccc2)c2ccccc2)=N1.COC(=O)C(=[N+]=[N-])c1ccccc1,0,M4,[Cu+],L33,CC(C)[C@H]1COC(c2ccccc2P(c2ccccc2)c2ccccc2)=N1,D1,COC(=O)C(=[N+]=[N-])c1ccccc1
M4_L34_D1,[Cu+].O=C1N[C@@H](c2cc3ccccc3c(-c3c(O)c([C@@H]4NC(=O)[C@@H]5CCC[N@+]54[O-])cc4ccccc34)c2O)[N@+]2([O-])CCC[C@@H]12.COC(=O)C(=[N+]=[N-])c1ccccc1,1,M4,[Cu+],L34,O=C1N[C@@H](c2cc3ccccc3c(-c3c(O)c([C@@H]4NC(=O)[C@@H]5CCC[N@+]54[O-])cc4ccccc34)c2O)[N@+]2([O-])CCC[C@@H]12,D1,COC(=O)C(=[N+]=[N-])c1ccccc1
M4_L35_D1,[Cu+].O=C1N[C@@H](c2cc3ccccc3c(-c3c(O)c([C@@H]4NC(=O)[C@@H]5CCCN54)cc4ccccc34)c2O)N2CCC[C@@H]12.COC(=O)C(=[N+]=[N-])c1ccccc1,1,M4,[Cu+],L35,O=C1N[C@@H](c2cc3ccccc3c(-c3c(O)c([C@@H]4NC(=O)[C@@H]5CCCN54)cc4ccccc34)c2O)N2CCC[C@@H]12,D1,COC(=O)C(=[N+]=[N-])c1ccccc1
M4_L36_D1,[Cu+].O=C1N[C@H](c2cc3ccccc3c(-c3c(O)c([C@H]4NC(=O)[C@@H]5CCCN45)cc4ccccc34)c2O)N2CCC[C@@H]12.COC(=O)C(=[N+]=[N-])c1ccccc1,-1,M4,[Cu+],L36,O=C1N[C@H](c2cc3ccccc3c(-c3c(O)c([C@H]4NC(=O)[C@@H]5CCCN45)cc4ccccc34)c2O)N2CCC[C@@H]12,D1,COC(=O)C(=[N+]=[N-])c1ccccc1
M4_L37_D1,[Cu+].O=C1N[C@H](c2cc3c(c(-c4c(O)c([C@H]5NC(=O)[C@@H]6CCCN56)cc5c4CCCC5)c2O)CCCC3)N2CCC[C@@H]12.COC(=O)C(=[N+]=[N-])c1ccccc1,-1,M4,[Cu+],L37,O=C1N[C@H](c2cc3c(c(-c4c(O)c([C@H]5NC(=O)[C@@H]6CCCN56)cc5c4CCCC5)c2O)CCCC3)N2CCC[C@@H]12,D1,COC(=O)C(=[N+]=[N-])c1ccccc1
M4_L38_D1,[Cu+].COCOc1c([C@H]2NC(=O)[C@@H]3CCCN23)cc2ccccc2c1-c1c(OCOC)c([C@H]2NC(=O)[C@@H]3CCCN23)cc2ccccc12.COC(=O)C(=[N+]=[N-])c1ccccc1,-1,M4,[Cu+],L38,COCOc1c([C@H]2NC(=O)[C@@H]3CCCN23)cc2ccccc2c1-c1c(OCOC)c([C@H]2NC(=O)[C@@H]3CCCN23)cc2ccccc12,D1,COC(=O)C(=[N+]=[N-])c1ccccc1
M4_L39_D1,[Cu+].O=C1N[C@H](c2cccc([C@H]3NC(=O)[C@@H]4CCCN34)c2)N2CCC[C@@H]12.COC(=O)C(=[N+]=[N-])c1ccccc1,0,M4,[Cu+],L39,O=C1N[C@H](c2cccc([C@H]3NC(=O)[C@@H]4CCCN34)c2)N2CCC[C@@H]12,D1,COC(=O)C(=[N+]=[N-])c1ccccc1
M4_L40_D1,[Cu+].C[C@@H](c1ccccc1)N(C)Cc1cc2ccccc2c(-c2c(O)c(CN(C)[C@@H](C)c3ccccc3)cc3ccccc23)c1O.COC(=O)C(=[N+]=[N-])c1ccccc1,1,M4,[Cu+],L40,C[C@@H](c1ccccc1)N(C)Cc1cc2ccccc2c(-c2c(O)c(CN(C)[C@@H](C)c3ccccc3)cc3ccccc23)c1O,D1,COC(=O)C(=[N+]=[N-])c1ccccc1
M4_L41_D1,[Cu+].C[C@@H](c1ccccc1)N(C)Cc1cc2ccccc2c(-c2c(O)c(CN(C)[C@@H](C)c3ccccc3)cc3ccccc23)c1O.COC(=O)C(=[N+]=[N-])c1ccccc1,-1,M4,[Cu+],L41,C[C@@H](c1ccccc1)N(C)Cc1cc2ccccc2c(-c2c(O)c(CN(C)[C@@H](C)c3ccccc3)cc3ccccc23)c1O,D1,COC(=O)C(=[N+]=[N-])c1ccccc1
M4_L42_D1,[Cu+].CC[C@H](C)[C@H]1COC(c2cccc3c2[Si]2(CC3)CCc3cccc(C4=N[C@@H]([C@@H](C)CC)CO4)c32)=N1.COC(=O)C(=[N+]=[N-])c1ccccc1,-1,M4,[Cu+],L42,CC[C@H](C)[C@H]1COC(c2cccc3c2[Si]2(CC3)CCc3cccc(C4=N[C@@H]([C@@H](C)CC)CO4)c32)=N1,D1,COC(=O)C(=[N+]=[N-])c1ccccc1
M4_L43_D1,[Cu+].Clc1cccc(Cl)c1/C=N/[C@@H]1CCCC[C@H]1/N=C/c1c(Cl)cccc1Cl.COC(=O)C(=[N+]=[N-])c1ccccc1,0,M4,[Cu+],L43,Clc1cccc(Cl)c1/C=N/[C@@H]1CCCC[C@H]1/N=C/c1c(Cl)cccc1Cl,D1,COC(=O)C(=[N+]=[N-])c1ccccc1
M4_L44_D1,[Cu+].CC(CC1=N[C@H]2c3ccccc3C[C@H]2O1)(C1=N[C@H]2c3ccccc3C[C@H]2O1)C1=N[C@H]2c3ccccc3C[C@H]2O1.COC(=O)C(=[N+]=[N-])c1ccccc1,0,M4,[Cu+],L44,CC(CC1=N[C@H]2c3ccccc3C[C@H]2O1)(C1=N[C@H]2c3ccccc3C[C@H]2O1)C1=N[C@H]2c3ccccc3C[C@H]2O1,D1,COC(=O)C(=[N+]=[N-])c1ccccc1
M4_L45_D1,[Cu+].c1ccc(C[C@H]2COC(c3cccc4c3C3(CC4)CCc4cccc(C5=N[C@@H](Cc6ccccc6)CO5)c43)=N2)cc1.COC(=O)C(=[N+]=[N-])c1ccccc1,1,M4,[Cu+],L45,c1ccc(C[C@H]2COC(c3cccc4c3C3(CC4)CCc4cccc(C5=N[C@@H](Cc6ccccc6)CO5)c43)=N2)cc1,D1,COC(=O)C(=[N+]=[N-])c1ccccc1
M4_L46_D1,[Cu+].CC(C)[C@H]1COC(c2cccc3c2C2(CC3)CCc3cccc(C4=N[C@@H](C(C)C)CO4)c32)=N1.COC(=O)C(=[N+]=[N-])c1ccccc1,1,M4,[Cu+],L46,CC(C)[C@H]1COC(c2cccc3c2C2(CC3)CCc3cccc(C4=N[C@@H](C(C)C)CO4)c32)=N1,D1,COC(=O)C(=[N+]=[N-])c1ccccc1
M4_L47_D1,[Cu+].CC(C)(C)[C@H]1COC(c2cccc3c2C2(CC3)CCc3cccc(C4=N[C@@H](C(C)(C)C)CO4)c32)=N1.COC(=O)C(=[N+]=[N-])c1ccccc1,1,M4,[Cu+],L47,CC(C)(C)[C@H]1COC(c2cccc3c2C2(CC3)CCc3cccc(C4=N[C@@H](C(C)(C)C)CO4)c32)=N1,D1,COC(=O)C(=[N+]=[N-])c1ccccc1
M4_L48_D1,[Cu+].C[C@@H]1C[Si]2(C[C@@H](C)c3cccc(C4=N[C@@H](c5ccccc5)CO4)c32)c2c(C3=N[C@@H](c4ccccc4)CO3)cccc21.COC(=O)C(=[N+]=[N-])c1ccccc1,-1,M4,[Cu+],L48,C[C@@H]1C[Si]2(C[C@@H](C)c3cccc(C4=N[C@@H](c5ccccc5)CO4)c32)c2c(C3=N[C@@H](c4ccccc4)CO3)cccc21,D1,COC(=O)C(=[N+]=[N-])c1ccccc1
M4_L49_D1,[Cu+].C[C@@H]1C[Si]2(C[C@@H](C)c3cccc(C4=N[C@H](c5ccccc5)CO4)c32)c2c(C3=N[C@H](c4ccccc4)CO3)cccc21.COC(=O)C(=[N+]=[N-])c1ccccc1,-1,M4,[Cu+],L49,C[C@@H]1C[Si]2(C[C@@H](C)c3cccc(C4=N[C@H](c5ccccc5)CO4)c32)c2c(C3=N[C@H](c4ccccc4)CO3)cccc21,D1,COC(=O)C(=[N+]=[N-])c1ccccc1
M4_L50_D1,[Cu+].CC1(C)[C@H]2Cc3cc(-c4ccccc4)[n+]([O-])c(-c4c5c(cc(-c6ccccc6)[n+]4[O-])C[C@H]4C[C@@H]5C4(C)C)c3[C@@H]1C2.COC(=O)C(=[N+]=[N-])c1ccccc1,1,M4,[Cu+],L50,CC1(C)[C@H]2Cc3cc(-c4ccccc4)[n+]([O-])c(-c4c5c(cc(-c6ccccc6)[n+]4[O-])C[C@H]4C[C@@H]5C4(C)C)c3[C@@H]1C2,D1,COC(=O)C(=[N+]=[N-])c1ccccc1
M4_L51_D1,[Cu+].CC1(C)[C@H]2Cc3cc(-c4cc(C(F)(F)F)cc(C(F)(F)F)c4)[n+]([O-])c(-c4c5c(cc(-c6cc(C(F)(F)F)cc(C(F)(F)F)c6)[n+]4[O-])C[C@H]4C[C@@H]5C4(C)C)c3[C@@H]1C2.COC(=O)C(=[N+]=[N-])c1ccccc1,1,M4,[Cu+],L51,CC1(C)[C@H]2Cc3cc(-c4cc(C(F)(F)F)cc(C(F)(F)F)c4)[n+]([O-])c(-c4c5c(cc(-c6cc(C(F)(F)F)cc(C(F)(F)F)c6)[n+]4[O-])C[C@H]4C[C@@H]5C4(C)C)c3[C@@H]1C2,D1,COC(=O)C(=[N+]=[N-])c1ccccc1
M4_L52_D1,[Cu+].CC1(C)[C@H]2Cc3cc(-c4ccc(F)cc4)[n+]([O-])c(-c4c5c(cc(-c6ccc(F)cc6)[n+]4[O-])C[C@H]4C[C@@H]5C4(C)C)c3[C@@H]1C2.COC(=O)C(=[N+]=[N-])c1ccccc1,1,M4,[Cu+],L52,CC1(C)[C@H]2Cc3cc(-c4ccc(F)cc4)[n+]([O-])c(-c4c5c(cc(-c6ccc(F)cc6)[n+]4[O-])C[C@H]4C[C@@H]5C4(C)C)c3[C@@H]1C2,D1,COC(=O)C(=[N+]=[N-])c1ccccc1
M4_L53_D1,[Cu+].COc1ccc(-c2cc3c(c(-c4c5c(cc(-c6ccc(OC)cc6)[n+]4[O-])C[C@H]4C[C@@H]5C4(C)C)[n+]2[O-])[C@@H]2C[C@H](C3)C2(C)C)cc1.COC(=O)C(=[N+]=[N-])c1ccccc1,1,M4,[Cu+],L53,COc1ccc(-c2cc3c(c(-c4c5c(cc(-c6ccc(OC)cc6)[n+]4[O-])C[C@H]4C[C@@H]5C4(C)C)[n+]2[O-])[C@@H]2C[C@H](C3)C2(C)C)cc1,D1,COC(=O)C(=[N+]=[N-])c1ccccc1
M4_L54_D1,[Cu+].CC(C)(C)c1cc2c(c(-c3c4c(cc(C(C)(C)C)[n+]3[O-])C[C@H]3C[C@@H]4C3(C)C)[n+]1[O-])[C@@H]1C[C@H](C2)C1(C)C.COC(=O)C(=[N+]=[N-])c1ccccc1,1,M4,[Cu+],L54,CC(C)(C)c1cc2c(c(-c3c4c(cc(C(C)(C)C)[n+]3[O-])C[C@H]3C[C@@H]4C3(C)C)[n+]1[O-])[C@@H]1C[C@H](C2)C1(C)C,D1,COC(=O)C(=[N+]=[N-])c1ccccc1
M4_L55_D1,[Cu+].CC1(C)[C@H]2Cc3cc(-c4ccco4)[n+]([O-])c(-c4c5c(cc(-c6ccco6)[n+]4[O-])C[C@H]4C[C@@H]5C4(C)C)c3[C@@H]1C2.COC(=O)C(=[N+]=[N-])c1ccccc1,1,M4,[Cu+],L55,CC1(C)[C@H]2Cc3cc(-c4ccco4)[n+]([O-])c(-c4c5c(cc(-c6ccco6)[n+]4[O-])C[C@H]4C[C@@H]5C4(C)C)c3[C@@H]1C2,D1,COC(=O)C(=[N+]=[N-])c1ccccc1
M4_L56_D1,[Cu+].CC1(C)[C@H]2Cc3cc(-c4cccs4)[n+]([O-])c(-c4c5c(cc(-c6cccs6)[n+]4[O-])C[C@H]4C[C@@H]5C4(C)C)c3[C@@H]1C2.COC(=O)C(=[N+]=[N-])c1ccccc1,1,M4,[Cu+],L56,CC1(C)[C@H]2Cc3cc(-c4cccs4)[n+]([O-])c(-c4c5c(cc(-c6cccs6)[n+]4[O-])C[C@H]4C[C@@H]5C4(C)C)c3[C@@H]1C2,D1,COC(=O)C(=[N+]=[N-])c1ccccc1
M4_L57_D1,[Cu+].CC1(C)[C@H]2Cc3cc(-c4ccsc4)[n+]([O-])c(-c4c5c(cc(-c6ccsc6)[n+]4[O-])C[C@H]4C[C@@H]5C4(C)C)c3[C@@H]1C2.COC(=O)C(=[N+]=[N-])c1ccccc1,-1,M4,[Cu+],L57,CC1(C)[C@H]2Cc3cc(-c4ccsc4)[n+]([O-])c(-c4c5c(cc(-c6ccsc6)[n+]4[O-])C[C@H]4C[C@@H]5C4(C)C)c3[C@@H]1C2,D1,COC(=O)C(=[N+]=[N-])c1ccccc1
M4_L58_D1,[Cu+].CC1(C)[C@H]2Cc3cc(-c4ccccc4)nc(-c4nc(-c5ccccc5)cc5c4[C@@H]4C[C@H](C5)C4(C)C)c3[C@@H]1C2.COC(=O)C(=[N+]=[N-])c1ccccc1,1,M4,[Cu+],L58,CC1(C)[C@H]2Cc3cc(-c4ccccc4)nc(-c4nc(-c5ccccc5)cc5c4[C@@H]4C[C@H](C5)C4(C)C)c3[C@@H]1C2,D1,COC(=O)C(=[N+]=[N-])c1ccccc1
M4_L59_D1,[Cu+].CC1(C)[C@H]2Cc3cc(-c4cccs4)nc(-c4nc(-c5cccs5)cc5c4[C@@H]4C[C@H](C5)C4(C)C)c3[C@@H]1C2.COC(=O)C(=[N+]=[N-])c1ccccc1,1,M4,[Cu+],L59,CC1(C)[C@H]2Cc3cc(-c4cccs4)nc(-c4nc(-c5cccs5)cc5c4[C@@H]4C[C@H](C5)C4(C)C)c3[C@@H]1C2,D1,COC(=O)C(=[N+]=[N-])c1ccccc1
M4_L60_D1,[Cu+].Oc1ccc2ccccc2c1-c1c(O)ccc2ccccc12.COC(=O)C(=[N+]=[N-])c1ccccc1,1,M4,[Cu+],L60,Oc1ccc2ccccc2c1-c1c(O)ccc2ccccc12,D1,COC(=O)C(=[N+]=[N-])c1ccccc1
M4_L61_D1,[Cu+].O=P(c1ccccc1)(c1ccccc1)c1ccc2ccccc2c1-c1c(P(=O)(c2ccccc2)c2ccccc2)ccc2ccccc12.COC(=O)C(=[N+]=[N-])c1ccccc1,1,M4,[Cu+],L61,O=P(c1ccccc1)(c1ccccc1)c1ccc2ccccc2c1-c1c(P(=O)(c2ccccc2)c2ccccc2)ccc2ccccc12,D1,COC(=O)C(=[N+]=[N-])c1ccccc1
M4_L62_D1,[Cu+].c1ccc2c3c(ccc2c1)Cn1c(nc2ccccc21)-c1nc2ccccc2n1Cc1ccc2ccccc2c1-3.COC(=O)C(=[N+]=[N-])c1ccccc1,2,M4,[Cu+],L62,c1ccc2c3c(ccc2c1)Cn1c(nc2ccccc21)-c1nc2ccccc2n1Cc1ccc2ccccc2c1-3,D1,COC(=O)C(=[N+]=[N-])c1ccccc1
M4_L63_D1,[Cu+].Clc1cccc(Cl)c1/C=N/c1cccc2c1C1(CC2)CCc2cccc(/N=C/c3c(Cl)cccc3Cl)c21.COC(=O)C(=[N+]=[N-])c1ccccc1,1,M4,[Cu+],L63,Clc1cccc(Cl)c1/C=N/c1cccc2c1C1(CC2)CCc2cccc(/N=C/c3c(Cl)cccc3Cl)c21,D1,COC(=O)C(=[N+]=[N-])c1ccccc1
M4_L64_D1,[Cu+].Clc1ccc(/C=N/c2cccc3c2C2(CC3)CCc3cccc(/N=C/c4ccc(Cl)cc4Cl)c32)c(Cl)c1.COC(=O)C(=[N+]=[N-])c1ccccc1,1,M4,[Cu+],L64,Clc1ccc(/C=N/c2cccc3c2C2(CC3)CCc3cccc(/N=C/c4ccc(Cl)cc4Cl)c32)c(Cl)c1,D1,COC(=O)C(=[N+]=[N-])c1ccccc1
M4_L65_D1,[Cu+].Clc1ccccc1/C=N/c1cccc2c1C1(CC2)CCc2cccc(/N=C/c3ccccc3Cl)c21.COC(=O)C(=[N+]=[N-])c1ccccc1,1,M4,[Cu+],L65,Clc1ccccc1/C=N/c1cccc2c1C1(CC2)CCc2cccc(/N=C/c3ccccc3Cl)c21,D1,COC(=O)C(=[N+]=[N-])c1ccccc1
M4_L66_D1,[Cu+].COc1ccccc1/C=N/c1cccc2c1C1(CC2)CCc2cccc(/N=C/c3ccccc3OC)c21.COC(=O)C(=[N+]=[N-])c1ccccc1,1,M4,[Cu+],L66,COc1ccccc1/C=N/c1cccc2c1C1(CC2)CCc2cccc(/N=C/c3ccccc3OC)c21,D1,COC(=O)C(=[N+]=[N-])c1ccccc1
M4_L67_D1,[Cu+].C(=N/c1cccc2c1C1(CC2)CCc2cccc(/N=C/c3ccc4ccccc4c3)c21)\c1ccc2ccccc2c1.COC(=O)C(=[N+]=[N-])c1ccccc1,1,M4,[Cu+],L67,C(=N/c1cccc2c1C1(CC2)CCc2cccc(/N=C/c3ccc4ccccc4c3)c21)\c1ccc2ccccc2c1,D1,COC(=O)C(=[N+]=[N-])c1ccccc1
M4_L68_D1,[Cu+].c1ccc([C@@H]2COC(C3=N[C@H](c4ccccc4)CO3)=N2)cc1.COC(=O)C(=[N+]=[N-])c1ccccc1,0,M4,[Cu+],L68,c1ccc([C@@H]2COC(C3=N[C@H](c4ccccc4)CO3)=N2)cc1,D1,COC(=O)C(=[N+]=[N-])c1ccccc1
M4_L69_D1,[Cu+].CC(C)(C1=N[C@@H](C2CCCCC2)CO1)C1=N[C@@H](C2CCCCC2)CO1.COC(=O)C(=[N+]=[N-])c1ccccc1,0,M4,[Cu+],L69,CC(C)(C1=N[C@@H](C2CCCCC2)CO1)C1=N[C@@H](C2CCCCC2)CO1,D1,COC(=O)C(=[N+]=[N-])c1ccccc1
M4_L70_D1,[Cu+].CC(C)[C@H]1COC(c2cccc3c2[Si]2(C[C@H]3C)C[C@@H](C)c3cccc(C4=N[C@@H](C(C)C)CO4)c32)=N1.COC(=O)C(=[N+]=[N-])c1ccccc1,-1,M4,[Cu+],L70,CC(C)[C@H]1COC(c2cccc3c2[Si]2(C[C@H]3C)C[C@@H](C)c3cccc(C4=N[C@@H](C(C)C)CO4)c32)=N1,D1,COC(=O)C(=[N+]=[N-])c1ccccc1
M4_L71_D1,[Cu+].C[C@@H]1C[Si]2(C[C@@H](C)c3cccc(C4=N[C@@H](C5CCCCC5)CO4)c32)c2c(C3=N[C@@H](C4CCCCC4)CO3)cccc21.COC(=O)C(=[N+]=[N-])c1ccccc1,-1,M4,[Cu+],L71,C[C@@H]1C[Si]2(C[C@@H](C)c3cccc(C4=N[C@@H](C5CCCCC5)CO4)c32)c2c(C3=N[C@@H](C4CCCCC4)CO3)cccc21,D1,COC(=O)C(=[N+]=[N-])c1ccccc1
M4_L72_D1,[Cu+].CC[C@H](C)[C@H]1COC(c2cccc3c2[Si]2(C[C@H]3C)C[C@@H](C)c3cccc(C4=N[C@@H]([C@@H](C)CC)CO4)c32)=N1.COC(=O)C(=[N+]=[N-])c1ccccc1,-1,M4,[Cu+],L72,CC[C@H](C)[C@H]1COC(c2cccc3c2[Si]2(C[C@H]3C)C[C@@H](C)c3cccc(C4=N[C@@H]([C@@H](C)CC)CO4)c32)=N1,D1,COC(=O)C(=[N+]=[N-])c1ccccc1
M4_L73_D1,[Cu+].C[C@@H]1C[Si]2(C[C@@H](C)c3cccc(C4=N[C@@H](C(C)(C)C)CO4)c32)c2c(C3=N[C@@H](C(C)(C)C)CO3)cccc21.COC(=O)C(=[N+]=[N-])c1ccccc1,-1,M4,[Cu+],L73,C[C@@H]1C[Si]2(C[C@@H](C)c3cccc(C4=N[C@@H](C(C)(C)C)CO4)c32)c2c(C3=N[C@@H](C(C)(C)C)CO3)cccc21,D1,COC(=O)C(=[N+]=[N-])c1ccccc1
M4_L74_D1,[Cu+].c1ccc2c3c(ccc2c1)Cn1c(nc2ccccc21)-c1nc2ccccc2n1Cc1ccc2ccccc2c1-3.COC(=O)C(=[N+]=[N-])c1ccccc1,-2,M4,[Cu+],L74,c1ccc2c3c(ccc2c1)Cn1c(nc2ccccc21)-c1nc2ccccc2n1Cc1ccc2ccccc2c1-3,D1,COC(=O)C(=[N+]=[N-])c1ccccc1
M4_L75_D1,[Cu+].CC(C)(C1=N[C@H](c2ccccc2)CO1)C1=N[C@H](c2ccccc2)CO1.COC(=O)C(=[N+]=[N-])c1ccccc1,0,M4,[Cu+],L75,CC(C)(C1=N[C@H](c2ccccc2)CO1)C1=N[C@H](c2ccccc2)CO1,D1,COC(=O)C(=[N+]=[N-])c1ccccc1
M4_L76_D1,[Cu+].CC(C)C[C@@H]1COC(C(C#N)C2=N[C@H](CC(C)C)CO2)=N1.COC(=O)C(=[N+]=[N-])c1ccccc1,0,M4,[Cu+],L76,CC(C)C[C@@H]1COC(C(C#N)C2=N[C@H](CC(C)C)CO2)=N1,D1,COC(=O)C(=[N+]=[N-])c1ccccc1
M4_L77_D1,[Cu+].CC[C@H]1CC[C@H](CC)P1c1ccccc1P1[C@@H](CC)CC[C@@H]1CC.COC(=O)C(=[N+]=[N-])c1ccccc1,0,M4,[Cu+],L77,CC[C@H]1CC[C@H](CC)P1c1ccccc1P1[C@@H](CC)CC[C@@H]1CC,D1,COC(=O)C(=[N+]=[N-])c1ccccc1
M4_L78_D1,[Cu+].c1ccc(P(c2ccccc2)c2ccc3ccccc3c2-c2c(P(c3ccccc3)c3ccccc3)ccc3ccccc23)cc1.COC(=O)C(=[N+]=[N-])c1ccccc1,1,M4,[Cu+],L78,c1ccc(P(c2ccccc2)c2ccc3ccccc3c2-c2c(P(c3ccccc3)c3ccccc3)ccc3ccccc23)cc1,D1,COC(=O)C(=[N+]=[N-])c1ccccc1
M4_L79_D1,[Cu+].c1ccc([C@@H]2COC(c3ccc4ccccc4c3-c3c(C4=N[C@H](c5ccccc5)CO4)ccc4ccccc34)=N2)cc1.COC(=O)C(=[N+]=[N-])c1ccccc1,-1,M4,[Cu+],L79,c1ccc([C@@H]2COC(c3ccc4ccccc4c3-c3c(C4=N[C@H](c5ccccc5)CO4)ccc4ccccc34)=N2)cc1,D1,COC(=O)C(=[N+]=[N-])c1ccccc1
M4_L80_D1,[Cu+].c1ccc([C@@H]2COC(c3ccc4ccccc4c3-c3c(C4=N[C@H](c5ccccc5)CO4)ccc4ccccc34)=N2)cc1.COC(=O)C(=[N+]=[N-])c1ccccc1,1,M4,[Cu+],L80,c1ccc([C@@H]2COC(c3ccc4ccccc4c3-c3c(C4=N[C@H](c5ccccc5)CO4)ccc4ccccc34)=N2)cc1,D1,COC(=O)C(=[N+]=[N-])c1ccccc1
M4_L81_D1,[Cu+].c1ccc([C@@H]2COC(c3cccc4c3C3(CC4)CCc4cccc(C5=N[C@H](c6ccccc6)CO5)c43)=N2)cc1.COC(=O)C(=[N+]=[N-])c1ccccc1,1,M4,[Cu+],L81,c1ccc([C@@H]2COC(c3cccc4c3C3(CC4)CCc4cccc(C5=N[C@H](c6ccccc6)CO5)c43)=N2)cc1,D1,COC(=O)C(=[N+]=[N-])c1ccccc1
M4_L82_D1,[Cu+].c1ccc(C[C@@H]2COC(c3cccc4c3C3(CC4)CCc4cccc(C5=N[C@H](Cc6ccccc6)CO5)c43)=N2)cc1.COC(=O)C(=[N+]=[N-])c1ccccc1,1,M4,[Cu+],L82,c1ccc(C[C@@H]2COC(c3cccc4c3C3(CC4)CCc4cccc(C5=N[C@H](Cc6ccccc6)CO5)c43)=N2)cc1,D1,COC(=O)C(=[N+]=[N-])c1ccccc1
M4_L83_D1,[Cu+].CC(C)[C@@H]1COC(c2cccc3c2C2(CC3)CCc3cccc(C4=N[C@H](C(C)C)CO4)c32)=N1.COC(=O)C(=[N+]=[N-])c1ccccc1,1,M4,[Cu+],L83,CC(C)[C@@H]1COC(c2cccc3c2C2(CC3)CCc3cccc(C4=N[C@H](C(C)C)CO4)c32)=N1,D1,COC(=O)C(=[N+]=[N-])c1ccccc1
M4_L84_D1,[Cu+].CC(C)(C)[C@@H]1COC(c2cccc3c2C2(CC3)CCc3cccc(C4=N[C@H](C(C)(C)C)CO4)c32)=N1.COC(=O)C(=[N+]=[N-])c1ccccc1,1,M4,[Cu+],L84,CC(C)(C)[C@@H]1COC(c2cccc3c2C2(CC3)CCc3cccc(C4=N[C@H](C(C)(C)C)CO4)c32)=N1,D1,COC(=O)C(=[N+]=[N-])c1ccccc1
M4_L85_D1,[Cu+].c1ccc([C@@H]2COC(c3cccc4c3C3(CC4)CCc4cccc(C5=N[C@H](c6ccccc6)CO5)c43)=N2)cc1.COC(=O)C(=[N+]=[N-])c1ccccc1,-1,M4,[Cu+],L85,c1ccc([C@@H]2COC(c3cccc4c3C3(CC4)CCc4cccc(C5=N[C@H](c6ccccc6)CO5)c43)=N2)cc1,D1,COC(=O)C(=[N+]=[N-])c1ccccc1
M4_L86_D1,[Cu+].c1cc2c(c(C3=NCCO3)c1)C1(CC2)CCc2cccc(C3=NCCO3)c21.COC(=O)C(=[N+]=[N-])c1ccccc1,1,M4,[Cu+],L86,c1cc2c(c(C3=NCCO3)c1)C1(CC2)CCc2cccc(C3=NCCO3)c21,D1,COC(=O)C(=[N+]=[N-])c1ccccc1
M4_L87_D1,[Cu+].c1ccc([C@@H]2COC(c3cccc(C4=N[C@H](c5ccccc5)CO4)n3)=N2)cc1.COC(=O)C(=[N+]=[N-])c1ccccc1,0,M4,[Cu+],L87,c1ccc([C@@H]2COC(c3cccc(C4=N[C@H](c5ccccc5)CO4)n3)=N2)cc1,D1,COC(=O)C(=[N+]=[N-])c1ccccc1
M4_L88_D1,[Cu+].CC(C)(C)P(c1ccccc1[C@@H]1N(c2ccccc2)C(=O)[C@H]2Cc3ccccc3N21)C(C)(C)C.COC(=O)C(=[N+]=[N-])c1ccccc1,0,M4,[Cu+],L88,CC(C)(C)P(c1ccccc1[C@@H]1N(c2ccccc2)C(=O)[C@H]2Cc3ccccc3N21)C(C)(C)C,D1,COC(=O)C(=[N+]=[N-])c1ccccc1
M4_L89_D1,[Cu+].c1ccc([C@H]2COC([C@@H]3[C@H]4c5ccccc5[C@H](c5ccccc54)[C@H]3C3=N[C@@H](c4ccccc4)CO3)=N2)cc1.COC(=O)C(=[N+]=[N-])c1ccccc1,0,M4,[Cu+],L89,c1ccc([C@H]2COC([C@@H]3[C@H]4c5ccccc5[C@H](c5ccccc54)[C@H]3C3=N[C@@H](c4ccccc4)CO3)=N2)cc1,D1,COC(=O)C(=[N+]=[N-])c1ccccc1
M4_L90_D1,[Cu+].CC(C)C[C@H]1COC([C@@H]2[C@H]3c4ccccc4[C@H](c4ccccc43)[C@H]2C2=N[C@@H](CC(C)C)CO2)=N1.COC(=O)C(=[N+]=[N-])c1ccccc1,0,M4,[Cu+],L90,CC(C)C[C@H]1COC([C@@H]2[C@H]3c4ccccc4[C@H](c4ccccc43)[C@H]2C2=N[C@@H](CC(C)C)CO2)=N1,D1,COC(=O)C(=[N+]=[N-])c1ccccc1
M4_L91_D1,[Cu+].CC(C)(C)[C@@H]1COC([C@H]2[C@H]3c4ccccc4[C@H](c4ccccc43)[C@@H]2C2=N[C@H](C(C)(C)C)CO2)=N1.COC(=O)C(=[N+]=[N-])c1ccccc1,0,M4,[Cu+],L91,CC(C)(C)[C@@H]1COC([C@H]2[C@H]3c4ccccc4[C@H](c4ccccc43)[C@@H]2C2=N[C@H](C(C)(C)C)CO2)=N1,D1,COC(=O)C(=[N+]=[N-])c1ccccc1
M4_L92_D1,[Cu+].C[C@H]1C[Si]2(C[C@H](C)c3cccc(C4=N[C@H](Cc5ccccc5)CO4)c32)c2c(C3=N[C@H](Cc4ccccc4)CO3)cccc21.COC(=O)C(=[N+]=[N-])c1ccccc1,1,M4,[Cu+],L92,C[C@H]1C[Si]2(C[C@H](C)c3cccc(C4=N[C@H](Cc5ccccc5)CO4)c32)c2c(C3=N[C@H](Cc4ccccc4)CO3)cccc21,D1,COC(=O)C(=[N+]=[N-])c1ccccc1
M4_L93_D1,[Cu+].C[C@H]1Oc2cccnc2-c2ncccc2O[C@@H]1C.COC(=O)C(=[N+]=[N-])c1ccccc1,1,M4,[Cu+],L93,C[C@H]1Oc2cccnc2-c2ncccc2O[C@@H]1C,D1,COC(=O)C(=[N+]=[N-])c1ccccc1
M4_L94_D1,[Cu+].C[C@@H]1CC[C@@H](C)Oc2cccnc2-c2ncccc2O1.COC(=O)C(=[N+]=[N-])c1ccccc1,1,M4,[Cu+],L94,C[C@@H]1CC[C@@H](C)Oc2cccnc2-c2ncccc2O1,D1,COC(=O)C(=[N+]=[N-])c1ccccc1
M4_L95_D1,[Cu+].C[C@@H]1C[C@@H](C)Oc2cccnc2-c2ncccc2O1.COC(=O)C(=[N+]=[N-])c1ccccc1,1,M4,[Cu+],L95,C[C@@H]1C[C@@H](C)Oc2cccnc2-c2ncccc2O1,D1,COC(=O)C(=[N+]=[N-])c1ccccc1
M4_L96_D1,[Cu+].c1ccc2c3c(ccc2c1)Cn1c(nc2ccccc21)-c1nc2ccccc2n1Cc1ccc2ccccc2c1-3.COC(=O)C(=[N+]=[N-])c1ccccc1,-1,M4,[Cu+],L96,c1ccc2c3c(ccc2c1)Cn1c(nc2ccccc21)-c1nc2ccccc2n1Cc1ccc2ccccc2c1-3,D1,COC(=O)C(=[N+]=[N-])c1ccccc1
M4_L97_D1,[Cu+].c1ccc(-c2cc3ccccc3c3c2Cn2ccnc2-c2nccn2Cc2c(-c4ccccc4)cc4ccccc4c2-3)cc1.COC(=O)C(=[N+]=[N-])c1ccccc1,-1,M4,[Cu+],L97,c1ccc(-c2cc3ccccc3c3c2Cn2ccnc2-c2nccn2Cc2c(-c4ccccc4)cc4ccccc4c2-3)cc1,D1,COC(=O)C(=[N+]=[N-])c1ccccc1
M4_L98_D1,[Cu+].Fc1ccc(-c2cc3ccccc3c3c2Cn2ccnc2-c2nccn2Cc2c(-c4ccc(F)cc4)cc4ccccc4c2-3)cc1.COC(=O)C(=[N+]=[N-])c1ccccc1,-1,M4,[Cu+],L98,Fc1ccc(-c2cc3ccccc3c3c2Cn2ccnc2-c2nccn2Cc2c(-c4ccc(F)cc4)cc4ccccc4c2-3)cc1,D1,COC(=O)C(=[N+]=[N-])c1ccccc1
M4_L99_D1,[Cu+].c1ccc(-c2cc(-c3ccccc3)cc(-c3cc4ccccc4c4c3Cn3ccnc3-c3nccn3Cc3c(-c5cc(-c6ccccc6)cc(-c6ccccc6)c5)cc5ccccc5c3-4)c2)cc1.COC(=O)C(=[N+]=[N-])c1ccccc1,-1,M4,[Cu+],L99,c1ccc(-c2cc(-c3ccccc3)cc(-c3cc4ccccc4c4c3Cn3ccnc3-c3nccn3Cc3c(-c5cc(-c6ccccc6)cc(-c6ccccc6)c5)cc5ccccc5c3-4)c2)cc1,D1,COC(=O)C(=[N+]=[N-])c1ccccc1
M4_L100_D1,[Cu+].Fc1cc(-c2cc3ccccc3c3c2Cn2ccnc2-c2nccn2Cc2c(-c4cc(F)c(F)c(F)c4)cc4ccccc4c2-3)cc(F)c1F.COC(=O)C(=[N+]=[N-])c1ccccc1,-1,M4,[Cu+],L100,Fc1cc(-c2cc3ccccc3c3c2Cn2ccnc2-c2nccn2Cc2c(-c4cc(F)c(F)c(F)c4)cc4ccccc4c2-3)cc(F)c1F,D1,COC(=O)C(=[N+]=[N-])c1ccccc1
M4_L101_D1,[Cu+].c1ccc2cc(-c3cc4ccccc4c4c3Cn3ccnc3-c3nccn3Cc3c(-c5ccc6ccccc6c5)cc5ccccc5c3-4)ccc2c1.COC(=O)C(=[N+]=[N-])c1ccccc1,-1,M4,[Cu+],L101,c1ccc2cc(-c3cc4ccccc4c4c3Cn3ccnc3-c3nccn3Cc3c(-c5ccc6ccccc6c5)cc5ccccc5c3-4)ccc2c1,D1,COC(=O)C(=[N+]=[N-])c1ccccc1
M4_L102_D1,[Cu+].O=C1N[C@H](c2cc3ccccc3c(-c3c(O)c([C@H]4NC(=O)[C@H]5CCC[N@@+]54[O-])cc4ccccc34)c2O)[N@@+]2([O-])CCC[C@H]12.COC(=O)C(=[N+]=[N-])c1ccccc1,-1,M4,[Cu+],L102,O=C1N[C@H](c2cc3ccccc3c(-c3c(O)c([C@H]4NC(=O)[C@H]5CCC[N@@+]54[O-])cc4ccccc34)c2O)[N@@+]2([O-])CCC[C@H]12,D1,COC(=O)C(=[N+]=[N-])c1ccccc1
M4_L103_D1,[Cu+].O=C1N[C@H](c2cc3ccccc3c(-c3c(O)c([C@H]4NC(=O)[C@H]5CCCN54)cc4ccccc34)c2O)N2CCC[C@H]12.COC(=O)C(=[N+]=[N-])c1ccccc1,-1,M4,[Cu+],L103,O=C1N[C@H](c2cc3ccccc3c(-c3c(O)c([C@H]4NC(=O)[C@H]5CCCN54)cc4ccccc34)c2O)N2CCC[C@H]12,D1,COC(=O)C(=[N+]=[N-])c1ccccc1
M4_L104_D1,[Cu+].O=C1N[C@@H](c2cc3ccccc3c(-c3c(O)c([C@@H]4NC(=O)[C@H]5CCCN54)cc4ccccc34)c2O)N2CCC[C@H]12.COC(=O)C(=[N+]=[N-])c1ccccc1,1,M4,[Cu+],L104,O=C1N[C@@H](c2cc3ccccc3c(-c3c(O)c([C@@H]4NC(=O)[C@H]5CCCN54)cc4ccccc34)c2O)N2CCC[C@H]12,D1,COC(=O)C(=[N+]=[N-])c1ccccc1
M4_L105_D1,[Cu+].O=C1N[C@@H](c2cc3c(c(-c4c(O)c([C@@H]5NC(=O)[C@H]6CCCN65)cc5c4CCCC5)c2O)CCCC3)N2CCC[C@H]12.COC(=O)C(=[N+]=[N-])c1ccccc1,1,M4,[Cu+],L105,O=C1N[C@@H](c2cc3c(c(-c4c(O)c([C@@H]5NC(=O)[C@H]6CCCN65)cc5c4CCCC5)c2O)CCCC3)N2CCC[C@H]12,D1,COC(=O)C(=[N+]=[N-])c1ccccc1
M4_L106_D1,[Cu+].COCOc1c([C@@H]2NC(=O)[C@H]3CCCN32)cc2ccccc2c1-c1c(OCOC)c([C@@H]2NC(=O)[C@H]3CCCN32)cc2ccccc12.COC(=O)C(=[N+]=[N-])c1ccccc1,1,M4,[Cu+],L106,COCOc1c([C@@H]2NC(=O)[C@H]3CCCN32)cc2ccccc2c1-c1c(OCOC)c([C@@H]2NC(=O)[C@H]3CCCN32)cc2ccccc12,D1,COC(=O)C(=[N+]=[N-])c1ccccc1
M4_L107_D1,[Cu+].O=C1N[C@@H](c2cccc([C@@H]3NC(=O)[C@H]4CCCN43)c2)N2CCC[C@H]12.COC(=O)C(=[N+]=[N-])c1ccccc1,0,M4,[Cu+],L107,O=C1N[C@@H](c2cccc([C@@H]3NC(=O)[C@H]4CCCN43)c2)N2CCC[C@H]12,D1,COC(=O)C(=[N+]=[N-])c1ccccc1
M4_L108_D1,[Cu+].C[C@H](c1ccccc1)N(C)Cc1cc2ccccc2c(-c2c(O)c(CN(C)[C@H](C)c3ccccc3)cc3ccccc23)c1O.COC(=O)C(=[N+]=[N-])c1ccccc1,-1,M4,[Cu+],L108,C[C@H](c1ccccc1)N(C)Cc1cc2ccccc2c(-c2c(O)c(CN(C)[C@H](C)c3ccccc3)cc3ccccc23)c1O,D1,COC(=O)C(=[N+]=[N-])c1ccccc1
M4_L109_D1,[Cu+].C[C@H](c1ccccc1)N(C)Cc1cc2ccccc2c(-c2c(O)c(CN(C)[C@H](C)c3ccccc3)cc3ccccc23)c1O.COC(=O)C(=[N+]=[N-])c1ccccc1,1,M4,[Cu+],L109,C[C@H](c1ccccc1)N(C)Cc1cc2ccccc2c(-c2c(O)c(CN(C)[C@H](C)c3ccccc3)cc3ccccc23)c1O,D1,COC(=O)C(=[N+]=[N-])c1ccccc1
M4_L110_D1,[Cu+].CC[C@@H](C)[C@@H]1COC(c2cccc3c2[Si]2(CC3)CCc3cccc(C4=N[C@H]([C@H](C)CC)CO4)c32)=N1.COC(=O)C(=[N+]=[N-])c1ccccc1,1,M4,[Cu+],L110,CC[C@@H](C)[C@@H]1COC(c2cccc3c2[Si]2(CC3)CCc3cccc(C4=N[C@H]([C@H](C)CC)CO4)c32)=N1,D1,COC(=O)C(=[N+]=[N-])c1ccccc1
M4_L111_D1,[Cu+].Clc1cccc(Cl)c1/C=N/[C@H]1CCCC[C@@H]1/N=C/c1c(Cl)cccc1Cl.COC(=O)C(=[N+]=[N-])c1ccccc1,0,M4,[Cu+],L111,Clc1cccc(Cl)c1/C=N/[C@H]1CCCC[C@@H]1/N=C/c1c(Cl)cccc1Cl,D1,COC(=O)C(=[N+]=[N-])c1ccccc1
M4_L112_D1,[Cu+].CC(CC1=N[C@@H]2c3ccccc3C[C@@H]2O1)(C1=N[C@@H]2c3ccccc3C[C@@H]2O1)C1=N[C@@H]2c3ccccc3C[C@@H]2O1.COC(=O)C(=[N+]=[N-])c1ccccc1,0,M4,[Cu+],L112,CC(CC1=N[C@@H]2c3ccccc3C[C@@H]2O1)(C1=N[C@@H]2c3ccccc3C[C@@H]2O1)C1=N[C@@H]2c3ccccc3C[C@@H]2O1,D1,COC(=O)C(=[N+]=[N-])c1ccccc1
M4_L113_D1,[Cu+].c1ccc(C[C@@H]2COC(c3cccc4c3C3(CC4)CCc4cccc(C5=N[C@H](Cc6ccccc6)CO5)c43)=N2)cc1.COC(=O)C(=[N+]=[N-])c1ccccc1,-1,M4,[Cu+],L113,c1ccc(C[C@@H]2COC(c3cccc4c3C3(CC4)CCc4cccc(C5=N[C@H](Cc6ccccc6)CO5)c43)=N2)cc1,D1,COC(=O)C(=[N+]=[N-])c1ccccc1
M4_L114_D1,[Cu+].CC(C)[C@@H]1COC(c2cccc3c2C2(CC3)CCc3cccc(C4=N[C@H](C(C)C)CO4)c32)=N1.COC(=O)C(=[N+]=[N-])c1ccccc1,-1,M4,[Cu+],L114,CC(C)[C@@H]1COC(c2cccc3c2C2(CC3)CCc3cccc(C4=N[C@H](C(C)C)CO4)c32)=N1,D1,COC(=O)C(=[N+]=[N-])c1ccccc1
M4_L115_D1,[Cu+].CC(C)(C)[C@@H]1COC(c2cccc3c2C2(CC3)CCc3cccc(C4=N[C@H](C(C)(C)C)CO4)c32)=N1.COC(=O)C(=[N+]=[N-])c1ccccc1,-1,M4,[Cu+],L115,CC(C)(C)[C@@H]1COC(c2cccc3c2C2(CC3)CCc3cccc(C4=N[C@H](C(C)(C)C)CO4)c32)=N1,D1,COC(=O)C(=[N+]=[N-])c1ccccc1
M4_L116_D1,[Cu+].C[C@H]1C[Si]2(C[C@H](C)c3cccc(C4=N[C@H](c5ccccc5)CO4)c32)c2c(C3=N[C@H](c4ccccc4)CO3)cccc21.COC(=O)C(=[N+]=[N-])c1ccccc1,1,M4,[Cu+],L116,C[C@H]1C[Si]2(C[C@H](C)c3cccc(C4=N[C@H](c5ccccc5)CO4)c32)c2c(C3=N[C@H](c4ccccc4)CO3)cccc21,D1,COC(=O)C(=[N+]=[N-])c1ccccc1
M4_L117_D1,[Cu+].C[C@H]1C[Si]2(C[C@H](C)c3cccc(C4=N[C@@H](c5ccccc5)CO4)c32)c2c(C3=N[C@@H](c4ccccc4)CO3)cccc21.COC(=O)C(=[N+]=[N-])c1ccccc1,1,M4,[Cu+],L117,C[C@H]1C[Si]2(C[C@H](C)c3cccc(C4=N[C@@H](c5ccccc5)CO4)c32)c2c(C3=N[C@@H](c4ccccc4)CO3)cccc21,D1,COC(=O)C(=[N+]=[N-])c1ccccc1
M4_L118_D1,[Cu+].CC1(C)[C@@H]2Cc3cc(-c4ccccc4)[n+]([O-])c(-c4c5c(cc(-c6ccccc6)[n+]4[O-])C[C@@H]4C[C@H]5C4(C)C)c3[C@H]1C2.COC(=O)C(=[N+]=[N-])c1ccccc1,-1,M4,[Cu+],L118,CC1(C)[C@@H]2Cc3cc(-c4ccccc4)[n+]([O-])c(-c4c5c(cc(-c6ccccc6)[n+]4[O-])C[C@@H]4C[C@H]5C4(C)C)c3[C@H]1C2,D1,COC(=O)C(=[N+]=[N-])c1ccccc1
M4_L119_D1,[Cu+].CC1(C)[C@@H]2Cc3cc(-c4cc(C(F)(F)F)cc(C(F)(F)F)c4)[n+]([O-])c(-c4c5c(cc(-c6cc(C(F)(F)F)cc(C(F)(F)F)c6)[n+]4[O-])C[C@@H]4C[C@H]5C4(C)C)c3[C@H]1C2.COC(=O)C(=[N+]=[N-])c1ccccc1,-1,M4,[Cu+],L119,CC1(C)[C@@H]2Cc3cc(-c4cc(C(F)(F)F)cc(C(F)(F)F)c4)[n+]([O-])c(-c4c5c(cc(-c6cc(C(F)(F)F)cc(C(F)(F)F)c6)[n+]4[O-])C[C@@H]4C[C@H]5C4(C)C)c3[C@H]1C2,D1,COC(=O)C(=[N+]=[N-])c1ccccc1
M4_L120_D1,[Cu+].CC1(C)[C@@H]2Cc3cc(-c4ccc(F)cc4)[n+]([O-])c(-c4c5c(cc(-c6ccc(F)cc6)[n+]4[O-])C[C@@H]4C[C@H]5C4(C)C)c3[C@H]1C2.COC(=O)C(=[N+]=[N-])c1ccccc1,-1,M4,[Cu+],L120,CC1(C)[C@@H]2Cc3cc(-c4ccc(F)cc4)[n+]([O-])c(-c4c5c(cc(-c6ccc(F)cc6)[n+]4[O-])C[C@@H]4C[C@H]5C4(C)C)c3[C@H]1C2,D1,COC(=O)C(=[N+]=[N-])c1ccccc1
M4_L121_D1,[Cu+].COc1ccc(-c2cc3c(c(-c4c5c(cc(-c6ccc(OC)cc6)[n+]4[O-])C[C@@H]4C[C@H]5C4(C)C)[n+]2[O-])[C@H]2C[C@@H](C3)C2(C)C)cc1.COC(=O)C(=[N+]=[N-])c1ccccc1,-1,M4,[Cu+],L121,COc1ccc(-c2cc3c(c(-c4c5c(cc(-c6ccc(OC)cc6)[n+]4[O-])C[C@@H]4C[C@H]5C4(C)C)[n+]2[O-])[C@H]2C[C@@H](C3)C2(C)C)cc1,D1,COC(=O)C(=[N+]=[N-])c1ccccc1
M4_L122_D1,[Cu+].CC(C)(C)c1cc2c(c(-c3c4c(cc(C(C)(C)C)[n+]3[O-])C[C@@H]3C[C@H]4C3(C)C)[n+]1[O-])[C@H]1C[C@@H](C2)C1(C)C.COC(=O)C(=[N+]=[N-])c1ccccc1,-1,M4,[Cu+],L122,CC(C)(C)c1cc2c(c(-c3c4c(cc(C(C)(C)C)[n+]3[O-])C[C@@H]3C[C@H]4C3(C)C)[n+]1[O-])[C@H]1C[C@@H](C2)C1(C)C,D1,COC(=O)C(=[N+]=[N-])c1ccccc1
M4_L123_D1,[Cu+].CC1(C)[C@@H]2Cc3cc(-c4ccco4)[n+]([O-])c(-c4c5c(cc(-c6ccco6)[n+]4[O-])C[C@@H]4C[C@H]5C4(C)C)c3[C@H]1C2.COC(=O)C(=[N+]=[N-])c1ccccc1,-1,M4,[Cu+],L123,CC1(C)[C@@H]2Cc3cc(-c4ccco4)[n+]([O-])c(-c4c5c(cc(-c6ccco6)[n+]4[O-])C[C@@H]4C[C@H]5C4(C)C)c3[C@H]1C2,D1,COC(=O)C(=[N+]=[N-])c1ccccc1
M4_L124_D1,[Cu+].CC1(C)[C@@H]2Cc3cc(-c4cccs4)[n+]([O-])c(-c4c5c(cc(-c6cccs6)[n+]4[O-])C[C@@H]4C[C@H]5C4(C)C)c3[C@H]1C2.COC(=O)C(=[N+]=[N-])c1ccccc1,-1,M4,[Cu+],L124,CC1(C)[C@@H]2Cc3cc(-c4cccs4)[n+]([O-])c(-c4c5c(cc(-c6cccs6)[n+]4[O-])C[C@@H]4C[C@H]5C4(C)C)c3[C@H]1C2,D1,COC(=O)C(=[N+]=[N-])c1ccccc1
M4_L125_D1,[Cu+].CC1(C)[C@@H]2Cc3cc(-c4ccsc4)[n+]([O-])c(-c4c5c(cc(-c6ccsc6)[n+]4[O-])C[C@@H]4C[C@H]5C4(C)C)c3[C@H]1C2.COC(=O)C(=[N+]=[N-])c1ccccc1,1,M4,[Cu+],L125,CC1(C)[C@@H]2Cc3cc(-c4ccsc4)[n+]([O-])c(-c4c5c(cc(-c6ccsc6)[n+]4[O-])C[C@@H]4C[C@H]5C4(C)C)c3[C@H]1C2,D1,COC(=O)C(=[N+]=[N-])c1ccccc1
M4_L126_D1,[Cu+].CC1(C)[C@@H]2Cc3cc(-c4ccccc4)nc(-c4nc(-c5ccccc5)cc5c4[C@H]4C[C@@H](C5)C4(C)C)c3[C@H]1C2.COC(=O)C(=[N+]=[N-])c1ccccc1,-1,M4,[Cu+],L126,CC1(C)[C@@H]2Cc3cc(-c4ccccc4)nc(-c4nc(-c5ccccc5)cc5c4[C@H]4C[C@@H](C5)C4(C)C)c3[C@H]1C2,D1,COC(=O)C(=[N+]=[N-])c1ccccc1
M4_L127_D1,[Cu+].CC1(C)[C@@H]2Cc3cc(-c4cccs4)nc(-c4nc(-c5cccs5)cc5c4[C@H]4C[C@@H](C5)C4(C)C)c3[C@H]1C2.COC(=O)C(=[N+]=[N-])c1ccccc1,-1,M4,[Cu+],L127,CC1(C)[C@@H]2Cc3cc(-c4cccs4)nc(-c4nc(-c5cccs5)cc5c4[C@H]4C[C@@H](C5)C4(C)C)c3[C@H]1C2,D1,COC(=O)C(=[N+]=[N-])c1ccccc1
M4_L128_D1,[Cu+].Oc1ccc2ccccc2c1-c1c(O)ccc2ccccc12.COC(=O)C(=[N+]=[N-])c1ccccc1,-1,M4,[Cu+],L128,Oc1ccc2ccccc2c1-c1c(O)ccc2ccccc12,D1,COC(=O)C(=[N+]=[N-])c1ccccc1
M4_L129_D1,[Cu+].O=P(c1ccccc1)(c1ccccc1)c1ccc2ccccc2c1-c1c(P(=O)(c2ccccc2)c2ccccc2)ccc2ccccc12.COC(=O)C(=[N+]=[N-])c1ccccc1,-1,M4,[Cu+],L129,O=P(c1ccccc1)(c1ccccc1)c1ccc2ccccc2c1-c1c(P(=O)(c2ccccc2)c2ccccc2)ccc2ccccc12,D1,COC(=O)C(=[N+]=[N-])c1ccccc1
M4_L130_D1,[Cu+].Clc1cccc(Cl)c1/C=N/c1cccc2c1C1(CC2)CCc2cccc(/N=C/c3c(Cl)cccc3Cl)c21.COC(=O)C(=[N+]=[N-])c1ccccc1,-1,M4,[Cu+],L130,Clc1cccc(Cl)c1/C=N/c1cccc2c1C1(CC2)CCc2cccc(/N=C/c3c(Cl)cccc3Cl)c21,D1,COC(=O)C(=[N+]=[N-])c1ccccc1
M4_L131_D1,[Cu+].Clc1ccc(/C=N/c2cccc3c2C2(CC3)CCc3cccc(/N=C/c4ccc(Cl)cc4Cl)c32)c(Cl)c1.COC(=O)C(=[N+]=[N-])c1ccccc1,-1,M4,[Cu+],L131,Clc1ccc(/C=N/c2cccc3c2C2(CC3)CCc3cccc(/N=C/c4ccc(Cl)cc4Cl)c32)c(Cl)c1,D1,COC(=O)C(=[N+]=[N-])c1ccccc1
M4_L132_D1,[Cu+].Clc1ccccc1/C=N/c1cccc2c1C1(CC2)CCc2cccc(/N=C/c3ccccc3Cl)c21.COC(=O)C(=[N+]=[N-])c1ccccc1,-1,M4,[Cu+],L132,Clc1ccccc1/C=N/c1cccc2c1C1(CC2)CCc2cccc(/N=C/c3ccccc3Cl)c21,D1,COC(=O)C(=[N+]=[N-])c1ccccc1
M4_L133_D1,[Cu+].COc1ccccc1/C=N/c1cccc2c1C1(CC2)CCc2cccc(/N=C/c3ccccc3OC)c21.COC(=O)C(=[N+]=[N-])c1ccccc1,-1,M4,[Cu+],L133,COc1ccccc1/C=N/c1cccc2c1C1(CC2)CCc2cccc(/N=C/c3ccccc3OC)c21,D1,COC(=O)C(=[N+]=[N-])c1ccccc1
M4_L134_D1,[Cu+].C(=N/c1cccc2c1C1(CC2)CCc2cccc(/N=C/c3ccc4ccccc4c3)c21)\c1ccc2ccccc2c1.COC(=O)C(=[N+]=[N-])c1ccccc1,-1,M4,[Cu+],L134,C(=N/c1cccc2c1C1(CC2)CCc2cccc(/N=C/c3ccc4ccccc4c3)c21)\c1ccc2ccccc2c1,D1,COC(=O)C(=[N+]=[N-])c1ccccc1
M4_L135_D1,[Cu+].c1ccc([C@H]2COC(C3=N[C@@H](c4ccccc4)CO3)=N2)cc1.COC(=O)C(=[N+]=[N-])c1ccccc1,0,M4,[Cu+],L135,c1ccc([C@H]2COC(C3=N[C@@H](c4ccccc4)CO3)=N2)cc1,D1,COC(=O)C(=[N+]=[N-])c1ccccc1
M4_L136_D1,[Cu+].CC(C)(C1=N[C@H](C2CCCCC2)CO1)C1=N[C@H](C2CCCCC2)CO1.COC(=O)C(=[N+]=[N-])c1ccccc1,0,M4,[Cu+],L136,CC(C)(C1=N[C@H](C2CCCCC2)CO1)C1=N[C@H](C2CCCCC2)CO1,D1,COC(=O)C(=[N+]=[N-])c1ccccc1
M4_L137_D1,[Cu+].CC(C)[C@@H]1COC(c2cccc3c2[Si]2(C[C@@H]3C)C[C@H](C)c3cccc(C4=N[C@H](C(C)C)CO4)c32)=N1.COC(=O)C(=[N+]=[N-])c1ccccc1,1,M4,[Cu+],L137,CC(C)[C@@H]1COC(c2cccc3c2[Si]2(C[C@@H]3C)C[C@H](C)c3cccc(C4=N[C@H](C(C)C)CO4)c32)=N1,D1,COC(=O)C(=[N+]=[N-])c1ccccc1
M4_L138_D1,[Cu+].C[C@H]1C[Si]2(C[C@H](C)c3cccc(C4=N[C@H](C5CCCCC5)CO4)c32)c2c(C3=N[C@H](C4CCCCC4)CO3)cccc21.COC(=O)C(=[N+]=[N-])c1ccccc1,1,M4,[Cu+],L138,C[C@H]1C[Si]2(C[C@H](C)c3cccc(C4=N[C@H](C5CCCCC5)CO4)c32)c2c(C3=N[C@H](C4CCCCC4)CO3)cccc21,D1,COC(=O)C(=[N+]=[N-])c1ccccc1
M4_L139_D1,[Cu+].CC[C@@H](C)[C@@H]1COC(c2cccc3c2[Si]2(C[C@@H]3C)C[C@H](C)c3cccc(C4=N[C@H]([C@H](C)CC)CO4)c32)=N1.COC(=O)C(=[N+]=[N-])c1ccccc1,1,M4,[Cu+],L139,CC[C@@H](C)[C@@H]1COC(c2cccc3c2[Si]2(C[C@@H]3C)C[C@H](C)c3cccc(C4=N[C@H]([C@H](C)CC)CO4)c32)=N1,D1,COC(=O)C(=[N+]=[N-])c1ccccc1
M4_L140_D1,[Cu+].C[C@H]1C[Si]2(C[C@H](C)c3cccc(C4=N[C@H](C(C)(C)C)CO4)c32)c2c(C3=N[C@H](C(C)(C)C)CO3)cccc21.COC(=O)C(=[N+]=[N-])c1ccccc1,1,M4,[Cu+],L140,C[C@H]1C[Si]2(C[C@H](C)c3cccc(C4=N[C@H](C(C)(C)C)CO4)c32)c2c(C3=N[C@H](C(C)(C)C)CO3)cccc21,D1,COC(=O)C(=[N+]=[N-])c1ccccc1
M4_L141_D1,[Cu+].c1ccc(-c2cc3ccccc3c3c2Cn2ccnc2-c2nccn2Cc2c(-c4ccccc4)cc4ccccc4c2-3)cc1.COC(=O)C(=[N+]=[N-])c1ccccc1,2,M4,[Cu+],L141,c1ccc(-c2cc3ccccc3c3c2Cn2ccnc2-c2nccn2Cc2c(-c4ccccc4)cc4ccccc4c2-3)cc1,D1,COC(=O)C(=[N+]=[N-])c1ccccc1
M4_L142_D1,[Cu+].c1ccc(-c2cc3ccccc3c3c2Cn2ccnc2-c2nccn2Cc2c(-c4ccccc4)cc4ccccc4c2-3)cc1.COC(=O)C(=[N+]=[N-])c1ccccc1,-2,M4,[Cu+],L142,c1ccc(-c2cc3ccccc3c3c2Cn2ccnc2-c2nccn2Cc2c(-c4ccccc4)cc4ccccc4c2-3)cc1,D1,COC(=O)C(=[N+]=[N-])c1ccccc1
M4_L143_D1,[Cu+].Cc1cccc(C(=C=C(c2cccc(C)n2)C(C)(C)C)C(C)(C)C)n1.COC(=O)C(=[N+]=[N-])c1ccccc1,1,M4,[Cu+],L143,Cc1cccc(C(=C=C(c2cccc(C)n2)C(C)(C)C)C(C)(C)C)n1,D1,COC(=O)C(=[N+]=[N-])c1ccccc1
M4_L144_D1,[Cu+].Cc1cccc(C(=C=C(c2cccc(C)n2)C(C)(C)C)C(C)(C)C)n1.COC(=O)C(=[N+]=[N-])c1ccccc1,-1,M4,[Cu+],L144,Cc1cccc(C(=C=C(c2cccc(C)n2)C(C)(C)C)C(C)(C)C)n1,D1,COC(=O)C(=[N+]=[N-])c1ccccc1
